insert into user (id, login, password, name) values (1, 'gavin', 'foobar', 'Gavin King')
insert into user (id, login, password, name) values (2, 'demo', 'Qwerty+1', 'Demo User')
insert into externaldistributor (id, name, ext_id) values (1, '“Œ¬ "¬≥ÌÌÂ ¿‚ÚÓÏÓÚ≥‚"', '00123')
insert into externaldistributor (id, name, ext_id) values (2, '“Œ¬ "”Í¿‚ÚÓ’ÓÎ‰ËÌ„"', '00124')
insert into externaldistributor (id, name, ext_id) values (3, '¿‚ÚÓ-ÿ‡ÌÒ_ ≥Ó‚Ó„‡‰', '00125')
insert into externaldistributor (id, name, ext_id) values (4, '“Œ¬ "≤“¿À¿¬“Œ ÷≈Õ“–"', '00126')
insert into externaldistributor (id, name, ext_id) values (5, '‘ËÏ‡ " ËÏ-¿‚ÚÓıÓÎ‰≥Ì„"', '00127')
insert into user_has_externaldistributor (id, user_id, externaldistributor_id) values (1, 2, 1)
insert into user_has_externaldistributor (id, user_id, externaldistributor_id) values (2, 2, 2)
insert into user_has_externaldistributor (id, user_id, externaldistributor_id) values (3, 1, 1)
insert into goodexternaldistributor (id, dictionary_good, externaldistributor_id) values (1, 1, 1)
insert into goodexternaldistributor (id, dictionary_good, externaldistributor_id) values (2, 2, 1)
insert into goodexternaldistributor (id, dictionary_good, externaldistributor_id) values (3, 3, 1)
insert into goodexternaldistributor (id, dictionary_good, externaldistributor_id) values (4, 4, 1)
insert into goodexternaldistributor (id, dictionary_good, externaldistributor_id) values (5, 5, 1)
insert into goodexternaldistributor (id, dictionary_good, externaldistributor_id) values (6, 6, 1)
insert into goodexternaldistributor (id, dictionary_good, externaldistributor_id) values (7, 7, 1)
insert into goodexternaldistributor (id, dictionary_good, externaldistributor_id) values (8, 8, 1)
insert into goodexternaldistributor (id, dictionary_good, externaldistributor_id) values (9, 9, 1)
insert into goodexternaldistributor (id, dictionary_good, externaldistributor_id) values (10, 10, 1)
insert into goodexternaldistributor (id, dictionary_good, externaldistributor_id) values (11, 11, 1)
insert into goodexternaldistributor (id, dictionary_good, externaldistributor_id) values (12, 12, 1)
insert into goodexternaldistributor (id, dictionary_good, externaldistributor_id) values (13, 13, 1)
insert into goodexternaldistributor (id, dictionary_good, externaldistributor_id) values (14, 14, 1)
insert into goodexternaldistributor (id, dictionary_good, externaldistributor_id) values (15, 15, 1)
insert into goodexternaldistributor (id, dictionary_good, externaldistributor_id) values (16, 16, 1)
insert into goodexternaldistributor (id, dictionary_good, externaldistributor_id) values (17, 17, 1)
insert into goodexternaldistributor (id, dictionary_good, externaldistributor_id) values (18, 18, 1)
insert into goodexternaldistributor (id, dictionary_good, externaldistributor_id) values (19, 19, 1)
insert into goodexternaldistributor (id, dictionary_good, externaldistributor_id) values (20, 20, 1)
insert into goodexternaldistributor (id, dictionary_good, externaldistributor_id) values (21, 21, 1)
insert into goodexternaldistributor (id, dictionary_good, externaldistributor_id) values (22, 22, 1)
insert into goodexternaldistributor (id, dictionary_good, externaldistributor_id) values (23, 23, 1)
insert into goodexternaldistributor (id, dictionary_good, externaldistributor_id) values (24, 24, 1)
insert into goodexternaldistributor (id, dictionary_good, externaldistributor_id) values (25, 25, 1)
insert into goodexternaldistributor (id, dictionary_good, externaldistributor_id) values (26, 26, 1)
insert into goodexternaldistributor (id, dictionary_good, externaldistributor_id) values (27, 27, 1)
insert into goodexternaldistributor (id, dictionary_good, externaldistributor_id) values (28, 28, 1)
insert into goodexternaldistributor (id, dictionary_good, externaldistributor_id) values (29, 29, 1)
insert into goodexternaldistributor (id, dictionary_good, externaldistributor_id) values (30, 30, 1)
insert into goodexternaldistributor (id, dictionary_good, externaldistributor_id) values (31, 31, 1)
insert into goodexternaldistributor (id, dictionary_good, externaldistributor_id) values (32, 32, 1)
insert into goodexternaldistributor (id, dictionary_good, externaldistributor_id) values (33, 33, 1)
insert into goodexternaldistributor (id, dictionary_good, externaldistributor_id) values (34, 34, 1)
insert into goodexternaldistributor (id, dictionary_good, externaldistributor_id) values (35, 35, 1)
insert into goodexternaldistributor (id, dictionary_good, externaldistributor_id) values (36, 36, 1)
insert into goodexternaldistributor (id, dictionary_good, externaldistributor_id) values (37, 37, 1)
insert into goodexternaldistributor (id, dictionary_good, externaldistributor_id) values (38, 38, 1)
insert into goodexternaldistributor (id, dictionary_good, externaldistributor_id) values (39, 39, 1)
insert into goodexternaldistributor (id, dictionary_good, externaldistributor_id) values (40, 40, 1)
insert into goodexternaldistributor (id, dictionary_good, externaldistributor_id) values (41, 41, 1)
insert into goodexternaldistributor (id, dictionary_good, externaldistributor_id) values (42, 25, 2)
insert into goodexternaldistributor (id, dictionary_good, externaldistributor_id) values (43, 26, 2)
insert into goodexternaldistributor (id, dictionary_good, externaldistributor_id) values (44, 27, 2)
insert into goodexternaldistributor (id, dictionary_good, externaldistributor_id) values (45, 28, 2)
insert into goodexternaldistributor (id, dictionary_good, externaldistributor_id) values (46, 29, 2)
insert into goodexternaldistributor (id, dictionary_good, externaldistributor_id) values (47, 30, 2)
insert into goodexternaldistributor (id, dictionary_good, externaldistributor_id) values (48, 31, 2)
insert into goodexternaldistributor (id, dictionary_good, externaldistributor_id) values (49, 32, 2)
insert into goodexternaldistributor (id, dictionary_good, externaldistributor_id) values (50, 33, 2)
insert into goodexternaldistributor (id, dictionary_good, externaldistributor_id) values (51, 34, 2)
insert into goodexternaldistributor (id, dictionary_good, externaldistributor_id) values (52, 35, 2)
insert into goodexternaldistributor (id, dictionary_good, externaldistributor_id) values (53, 36, 2)
insert into goodexternaldistributor (id, dictionary_good, externaldistributor_id) values (54, 37, 2)
insert into goodexternaldistributor (id, dictionary_good, externaldistributor_id) values (55, 38, 2)
insert into goodexternaldistributor (id, dictionary_good, externaldistributor_id) values (56, 39, 2)
insert into goodexternaldistributor (id, dictionary_good, externaldistributor_id) values (57, 40, 2)
insert into goodexternaldistributor (id, dictionary_good, externaldistributor_id) values (58, 41, 2)
insert into goodexternaldistributor (id, dictionary_good, externaldistributor_id) values (59, 42, 2)
insert into goodexternaldistributor (id, dictionary_good, externaldistributor_id) values (60, 43, 2)
insert into goodexternaldistributor (id, dictionary_good, externaldistributor_id) values (61, 44, 2)
insert into goodexternaldistributor (id, dictionary_good, externaldistributor_id) values (62, 45, 2)
insert into goodexternaldistributor (id, dictionary_good, externaldistributor_id) values (63, 46, 2)
insert into goodexternaldistributor (id, dictionary_good, externaldistributor_id) values (64, 47, 2)
insert into goodexternaldistributor (id, dictionary_good, externaldistributor_id) values (65, 48, 2)
insert into goodexternaldistributor (id, dictionary_good, externaldistributor_id) values (66, 49, 2)
insert into goodexternaldistributor (id, dictionary_good, externaldistributor_id) values (67, 50, 2)
insert into goodexternaldistributor (id, dictionary_good, externaldistributor_id) values (68, 51, 2)
insert into goodexternaldistributor (id, dictionary_good, externaldistributor_id) values (69, 52, 2)
insert into goodexternaldistributor (id, dictionary_good, externaldistributor_id) values (70, 53, 2)
insert into goodexternaldistributor (id, dictionary_good, externaldistributor_id) values (71, 54, 2)
